{"cameraMode":{"drawMode":0,"name":"Shaded","section":"Shading Mode"},"sceneLighting":true,"audioPlay":false,"sceneViewState":{"showFog":true,"showMaterialUpdate":false,"showSkybox":true,"showFlares":true,"showImageEffects":true,"showParticleSystems":true},"in2DMode":false,"pivot":{"x":2.025883674621582,"y":-0.14153671264648438,"z":-4.751107215881348},"rotation":{"x":0.1492130011320114,"y":-0.05425463616847992,"z":0.008199778385460377,"w":0.9872815608978272},"size":2.461329936981201,"orthographic":false}