{"cameraMode":{"drawMode":0,"name":"Shaded","section":"Shading Mode"},"sceneLighting":true,"audioPlay":false,"sceneViewState":{"showFog":true,"showMaterialUpdate":false,"showSkybox":true,"showFlares":true,"showImageEffects":true,"showParticleSystems":true},"in2DMode":false,"pivot":{"x":-1.0431640148162842,"y":0.3847404718399048,"z":-2.402308940887451},"rotation":{"x":0.0050459266640245918,"y":0.9902059435844421,"z":-0.037150342017412189,"w":0.13449561595916749},"size":0.6273764371871948,"orthographic":false}