{"cameraMode":{"drawMode":0,"name":"Shaded","section":"Shading Mode"},"sceneLighting":true,"audioPlay":false,"sceneViewState":{"showFog":true,"showMaterialUpdate":false,"showSkybox":true,"showFlares":true,"showImageEffects":true,"showParticleSystems":true},"in2DMode":false,"pivot":{"x":-0.2895975112915039,"y":0.4647728502750397,"z":1.2200281620025635},"rotation":{"x":0.029478533193469049,"y":0.5734035968780518,"z":-0.020650694146752359,"w":0.8184928894042969},"size":3.844823122024536,"orthographic":false}