{"cameraMode":{"drawMode":0,"name":"Shaded","section":"Shading Mode"},"sceneLighting":true,"audioPlay":false,"sceneViewState":{"showFog":true,"showMaterialUpdate":false,"showSkybox":true,"showFlares":true,"showImageEffects":true,"showParticleSystems":true},"in2DMode":false,"pivot":{"x":-1.114641547203064,"y":-3.188591957092285,"z":12.929215431213379},"rotation":{"x":-0.06320194900035858,"y":0.0454898364841938,"z":-0.002884570974856615,"w":-0.9969634413719177},"size":10.898137092590332,"orthographic":false}